main_run_idx,source,naive3_score,naive3_bv,naive3_lat_one,rub1_score,rub1_bv,rub1_lat_one
3,LMSYS,4,0,56.0262268,4,0,120.0856532
11,LMSYS,4,0,138.9072125,4,0,201.2151349
13,WildChat,4,0,92.0280286,4,0,200.042429
16,WildChat,5,0,87.3533698,5,0,150.4986664
20,WildChat,4,0,140.9369592,4,0,199.8720561
22,WildChat,5,0,52.3400352,4,0,105.3579719
27,LMSYS,4.66666666666667,0.185185185185185,55.3303239,4,0,141.506649
29,LMSYS,NaN,NaN,38.33588,1,0.25,99.072516
31,LMSYS,5,0,70.0219994,4,0.25,167.3849624
32,LMSYS,4,0,100.5274375,4,0.25,197.1904926
33,ifeval,4,0.916666666666667,14.3492884,3,0.25,46.0000887
40,LMSYS,4,0.222222222222222,47.6972904,3,0.333333333333333,80.7680257
44,LMSYS,5,0.037037037037037,88.0519046,4,0,95.677012
46,LMSYS,4.33333333333333,0.101851851851852,24.9907738,4,0,49.7827335
49,LMSYS,2,0.222222222222222,32.760839,1,0.333333333333333,104.6383237
50,WildChat,3,0.37037037037037,45.1630649,4,0,160.7086056
57,WildChat,4,0.0277777777777777,154.7706786,5,0.25,204.5567958
62,LMSYS,5,0.0277777777777777,73.4871506,4,0,155.5045298
63,ifeval,5,0.25,62.0309034,5,0,140.7135248
67,LMSYS,5,2,12.7554317,1,1,31.3137826
72,LMSYS,3.66666666666667,0.175925925925926,19.9221275,2,0.25,37.9429935
78,LMSYS,5,0.333333333333333,51.1446593,3,0.25,69.5251087
80,WildChat,4,0.222222222222222,52.2867319,4,0,82.352725
84,LMSYS,3,0.25,20.3787355,4,0,55.7083375
86,WildChat,4.33333333333333,0.037037037037037,119.412335,4,0,176.4587384
87,LMSYS,5,0.148148148148148,114.8806621,4,0,148.9435854
89,WildChat,5,0.0277777777777777,67.9652298,4,0,93.6607624
90,ifeval,5,0,64.1769244,4,0.25,85.9908665
95,LMSYS,5,0.037037037037037,15.6404421,1,1,44.6155074
99,ifeval,3.66666666666667,0.222222222222222,29.8942392,4,0,87.0001515
104,WildChat,4,0,120.3931503,4,0,270.5598112
114,WildChat,4,0,74.6449091,4,0,115.6717384
119,ifeval,5,0.25,46.1271043,4,0,73.8564579
120,ifeval,4,0,23.8288481,4,0,78.949451
123,WildChat,5,0.0277777777777777,99.5547938,4,0.333333333333333,137.5250942
126,LMSYS,4.33333333333333,0.101851851851852,28.3081958,4,0,50.8909831
130,WildChat,5,0.0277777777777777,38.973246,5,0.25,64.2418179
135,ifeval,3.33333333333333,0.518518518518518,13.7749921,4,0,33.2341783
139,LMSYS,4,0,24.2558667,4,0,44.9407863
140,WildChat,5,0.222222222222222,94.75563,4,0.25,119.6464883
141,ifeval,5,0,63.6435906,4,0,94.2939262
142,WildChat,4.33333333333333,0.101851851851852,148.5931883,4,0,189.7493817
144,LMSYS,5,0,52.9451831,4,0,85.3482158
148,WildChat,5,0,87.8724628,5,0.25,116.2258489
152,WildChat,4,0,259.939817,4,0.333333333333333,304.4378839
156,LMSYS,4,0,37.4766525,4,0,55.434796
162,WildChat,4,0,237.8132911,4,0.333333333333333,258.6815677
172,LMSYS,4,0,34.9520473,4,0,87.7556489
173,LMSYS,4.33333333333333,0.333333333333333,31.3518445,4,0.25,66.7052376
175,WildChat,5,0,78.1215826,4,0,103.0932142
188,WildChat,5,0,51.6845655,4,0,70.5988669
195,WildChat,4,0,62.9452567,4,0.25,292.9702073
200,LMSYS,5,0.175925925925926,43.8099624,4,0,84.2603807
202,LMSYS,4,0,87.5146063,4,0,144.7449813
203,LMSYS,5,0,40.0016192,1,0.25,64.5368001
206,ifeval,5,0.888888888888889,22.5719641,4,0,64.1417124
209,WildChat,5,0.101851851851852,113.564853,4,0,13484.3040622
212,LMSYS,4,0,33.6881504,2,0,73.8253569
218,LMSYS,4,0,43.7937725,4,0,65.3137889
228,ifeval,4,0,34.964725,4,0,67.9997945
229,LMSYS,4,0,24.9055391,4,0,49.4862019
236,WildChat,4,0.0277777777777777,44.4326832,4,0,66.8175049
237,LMSYS,5,0.25,121.776454,5,0.25,204.3947463
244,LMSYS,4,0,81.9050879,4,0.25,124.7286885
245,ifeval,4,0,25.7134528,4,0,45.7509454
248,LMSYS,3.66666666666667,0.148148148148148,32.0392824,1,0.25,93.4039601
254,ifeval,2.66666666666667,0.25,13.1688942,3,0.25,37.5591306
262,WildChat,4,0,104.6299535,4,0,136.6512115
264,LMSYS,4.33333333333333,0.037037037037037,50.165391,4,0,106.3904968
267,WildChat,4,0,62.6967328,5,0.25,108.6943867
280,LMSYS,5,0,64.5260607,4,0,119.3905032
286,LMSYS,4,0,52.2119723,4,0,81.9686824
292,WildChat,5,0,77.8741419,5,0.333333333333333,139.2097459
294,WildChat,4.33333333333333,0.0277777777777777,105.1745944,4,0,156.5412727
296,LMSYS,3,0.25,59.7655753,4,0.333333333333333,112.0687553
297,LMSYS,3.66666666666667,0.101851851851852,203.7216974,5,1.33333333333333,364.8978581
298,LMSYS,5,0.101851851851852,54.4778392,5,0.25,82.2426246
302,LMSYS,3,0.703703703703704,14.7242094,4,0,32.5410721
303,LMSYS,5,0,175.2861892,5,0.25,213.1895412
309,WildChat,5,0,94.2060994,5,0.333333333333333,150.3216067
310,WildChat,4,0.25,129.7888829,4,0,214.0232536
311,WildChat,4,0,199.757404,4,0.25,266.0653236
313,LMSYS,5,0,59.4655515,4,0.333333333333333,80.7916662
314,LMSYS,5,0.101851851851852,30.3447042,4,0,60.4334187
317,WildChat,4,0,42.9915345,4,0,73.4476852
328,LMSYS,5,0.111111111111111,42.4934097,4,0.25,61.6077907
333,LMSYS,4,0,64.7256149,4,0.25,129.1779855
336,WildChat,4.33333333333333,0.175925925925926,142.4359294,4,0,215.4720213
341,LMSYS,4.66666666666667,0.037037037037037,49.1499224,5,0.333333333333333,75.0350139
348,WildChat,3,0.333333333333333,92.0279393,4,0.25,121.9426552
349,LMSYS,4.33333333333333,0.101851851851852,111.4587688,4,0.25,194.4516068
360,ifeval,4.33333333333333,0.0277777777777777,22.7455679,4,0,46.9593382
361,WildChat,5,0,58.3410709,4,0.25,116.8593667
363,ifeval,4,0,45.6079861,4,0,90.783267
365,ifeval,4,0.694444444444444,15.5467219,4,0,50.3624196
366,WildChat,2,0.118055555555556,175.860961,NaN,0.333333333333333,125.1837393
373,WildChat,4.66666666666667,0.222222222222222,78.5663079,4,0,110.0090402
376,WildChat,4.33333333333333,0.037037037037037,60.0244096,4,0,85.8500251
400,LMSYS,1,0.0277777777777778,66.6018457,4,0,167.3866606
407,WildChat,5,0.101851851851852,70.0428968,4,0,91.5379821
411,WildChat,2,0,17.1556478,4,0,42.5594658
416,LMSYS,5,0.101851851851852,25.831564,4,0,68.0899868
421,LMSYS,4,0,24.829012,4,0,45.1297759
426,WildChat,4.66666666666667,0.0277777777777779,77.2384173,4,0,116.9715141
428,LMSYS,3,0.111111111111111,53.4380809,3,0,120.0503034
437,ifeval,4,0,31.9164122,4,0,49.0656453
438,LMSYS,4,0,45.4225823,4,0,71.6956675
444,WildChat,4.66666666666667,0.0277777777777777,58.2476651,4,0.25,112.3651247
449,ifeval,4.33333333333333,0.0277777777777777,60.6041867,4,0,74.445891
450,ifeval,5,0.101851851851852,72.5017973,5,0.25,132.6120572
455,WildChat,4,0,31.9862303,4,0,55.6710982
464,ifeval,4,0,26.452937,3,0,60.7659021
468,LMSYS,5,0.0277777777777777,53.4355486,4,0.25,78.3788577
475,LMSYS,4,0,58.5514711,4,0,81.2808485
483,LMSYS,5,0,70.2684347,4,0,114.3371798
486,LMSYS,4,0.0277777777777777,67.4891919,4,0,120.2931428
490,WildChat,4,0.25,302.6756794,4,0,357.5823999
491,WildChat,5,0,46.6223972,4,0,94.8023424
496,LMSYS,NaN,NaN,42.0722402,3,0,86.4157138
499,WildChat,4,0.101851851851852,139.6458702,4,0,204.0679975
